<launch4jConfig>
  <dontWrapJar>false</dontWrapJar>
  <headerType>gui</headerType>
  <jar>/tmp/`binary`</jar>
  <outfile>`executable`</outfile>
  <errTitle>`appname` launch error</errTitle>
  <cmdLine></cmdLine>
  <chdir></chdir>
  <priority>normal</priority>
  <downloadUrl>http://java.com/download</downloadUrl>
  <supportUrl></supportUrl>
  <customProcName>false</customProcName>
  <stayAlive>false</stayAlive>
  <icon>/tmp/jbidwatcher.ico</icon>
  <jre>
    <path></path>
    <minVersion>1.5.0</minVersion>
    <maxVersion></maxVersion>
    <dontUsePrivateJres>false</dontUsePrivateJres>
    <initialHeapSize>0</initialHeapSize>
    <maxHeapSize>0</maxHeapSize>
    <opt>-Xmx512m</opt>
  </jre>
</launch4jConfig>
