<?xml version="1.0" encoding="UTF-8"?>
<!DOCTYPE module PUBLIC "-//Google Inc.//DTD Google Web Toolkit 1.6.4//EN" "http://google-web-toolkit.googlecode.com/svn/tags/1.6.4/distro-source/core/src/gwt-module.dtd">
<module rename-to='phdgwtexample2'>
  		<!-- Inherit the core Web Toolkit stuff.                        -->
  		<inherits name='com.google.gwt.user.User'/>
      <inherits name='com.hopstepjump.backbone.runtime.Backbone' />
	
      <!-- Inherit the default GWT style sheet.  You can change       -->
      <!-- the theme of your GWT application by uncommenting          -->
      <!-- any one of the following lines.                            -->
      <inherits name='com.google.gwt.user.theme.standard.Standard'/>
      <!-- <inherits name='com.google.gwt.user.theme.chrome.Chrome'/> -->
      <!-- <inherits name='com.google.gwt.user.theme.dark.Dark'/>     -->

      <!-- Other module inherits                                      -->
        <!-- Add gwt-log support, default level `ERROR` -->

      <!-- Specify the app entry point class.                         -->
  		<entry-point class='com.myapplication.client.PhdGWTExample2'/>
    
      <!-- Specify the application specific style sheet.              -->
      <stylesheet src='MyApplication.css' />      
      
      <generate-with class="com.hopstepjump.backbone.gwt.generators.StateDispatcherGenerator" >
        <when-type-assignable class="com.hopstepjump.backbone.runtime.api.StateDispatcherMarker"/>
      </generate-with>
      <generate-with class="com.hopstepjump.backbone.gwt.generators.TerminalGenerator" >
        <when-type-assignable class="com.hopstepjump.backbone.runtime.api.TerminalMarker"/>
      </generate-with>	
</module>
